<?xml version="1.0" encoding="UTF-8"?>
<project-private xmlns="http://www.netbeans.org/ns/project-private/1">
    <editor-bookmarks xmlns="http://www.netbeans.org/ns/editor-bookmarks/2" lastBookmarkId="0"/>
    <open-files xmlns="http://www.netbeans.org/ns/projectui-open-files/2">
        <group>
            <file>file:/C:/Users/User/Documents/NetBeansProjects/SOKW/src/sokw/Home.java</file>
            <file>file:/C:/Users/User/Documents/NetBeansProjects/SOKW/src/sokw/Sale.java</file>
            <file>file:/C:/Users/User/Documents/NetBeansProjects/SOKW/src/sokw/Purchase.java</file>
            <file>file:/C:/Users/User/Documents/NetBeansProjects/SOKW/src/sokw/ViewDyeing.java</file>
            <file>file:/C:/Users/User/Documents/NetBeansProjects/SOKW/src/sokw/Processing.java</file>
            <file>file:/C:/Users/User/Documents/NetBeansProjects/SOKW/src/sokw/JobWork.java</file>
            <file>file:/C:/Users/User/Documents/NetBeansProjects/SOKW/src/sokw/ViewPD.java</file>
            <file>file:/C:/Users/User/Documents/NetBeansProjects/SOKW/src/sokw/Login.java</file>
            <file>file:/C:/Users/User/Documents/NetBeansProjects/SOKW/src/sokw/Attendance.java</file>
            <file>file:/C:/Users/User/Documents/NetBeansProjects/SOKW/src/sokw/Employee.java</file>
            <file>file:/C:/Users/User/Documents/NetBeansProjects/SOKW/src/sokw/ViewPS.java</file>
            <file>file:/C:/Users/User/Documents/NetBeansProjects/SOKW/src/sokw/SOKW.java</file>
            <file>file:/C:/Users/User/Documents/NetBeansProjects/SOKW/src/sokw/Dyeing.java</file>
            <file>file:/C:/Users/User/Documents/NetBeansProjects/SOKW/src/sokw/NewJFrame.java</file>
            <file>file:/C:/Users/User/Documents/NetBeansProjects/SOKW/src/sokw/ViewJW.java</file>
        </group>
    </open-files>
</project-private>
