<?xml version="1.0" encoding="UTF-8"?>
<project-private xmlns="http://www.netbeans.org/ns/project-private/1">
    <editor-bookmarks xmlns="http://www.netbeans.org/ns/editor-bookmarks/2" lastBookmarkId="0"/>
    <open-files xmlns="http://www.netbeans.org/ns/projectui-open-files/2">
        <group>
            <file>file:/C:/Users/User/Documents/NetBeansProjects/Stock_Book/src/stock_book/Stock_Book.java</file>
            <file>file:/C:/Users/User/Documents/NetBeansProjects/Stock_Book/src/stock_book/DEntryBook.java</file>
            <file>file:/C:/Users/User/Documents/NetBeansProjects/Stock_Book/src/stock_book/DLogin.java</file>
            <file>file:/C:/Users/User/Documents/NetBeansProjects/Stock_Book/src/stock_book/DCreateAccount.java</file>
            <file>file:/C:/Users/User/Documents/NetBeansProjects/Stock_Book/src/stock_book/DForget.java</file>
            <file>file:/C:/Users/User/Documents/NetBeansProjects/Stock_Book/src/stock_book/DViewBook.java</file>
        </group>
    </open-files>
</project-private>
